Admin,Product,Subject,Product Type,Section Version
2019,Math discrete item pool,Math,Discrete item,Current
2019,Reading discrete item pool,Reading,Discrete item,Current
2019,Science discrete item pool,Science,Discrete item,Current
2019,All reading SBTs,Reading,SBT,Current
2019,Bar Graph,Math,IIC,Current
2019,Best Fit Line,Math,IIC,Current
2019,Box-and-whisker,Math,IIC,Current
2019,Draw Lines,Math,IIC,Current
2019,Fraction Model,Math,IIC,Current
2019,Graph Transformation,Math,IIC,Current
2019,Line & Point Graph,Math,IIC,Current
2019,Number Line,Math,IIC,Current
2019,Polygon Graph,Math,IIC,Current
2019,Image Layers,Math,IIC,Current
2019,Ruler,Math,IIC,Current
2019,Slider,Math,IIC,Current
